id,date,result,elo
HEmOa,13/04/2021,False,1796
KU6kq,13/04/2021,True,1647
xC1Kc,12/04/2021,False,1729
n1ixH,12/04/2021,True,1805
KikCr,10/04/2021,False,1701
bx4ut,10/04/2021,False,1641
iC1i3,10/04/2021,True,1442
F9x4t,10/04/2021,False,1708
CXSOq,10/04/2021,False,1695
SqYje,10/04/2021,True,1744
PP3qR,10/04/2021,False,1698
wbL3h,08/04/2021,True,1745
lXocf,08/04/2021,True,1567
XdGw0,08/04/2021,True,1546
moUti,08/04/2021,True,1641
ygdHU,08/04/2021,False,1642
xb8FK,06/04/2021,False,1621
HopRA,06/04/2021,False,1762
JjiSE,06/04/2021,True,1507
Ugq6f,06/04/2021,True,1752
MadBl,03/04/2021,False,1727
E54nj,03/04/2021,False,1617
OuSY2,02/04/2021,True,1675
LrJWA,02/04/2021,True,1694
mS32w,02/04/2021,True,1596
fx2FC,02/04/2021,True,1565
9y0CZ,02/04/2021,True,1645
QHmmt,02/04/2021,True,1648
gXcTT,02/04/2021,True,1787
qdJcB,02/04/2021,False,1516
NqatW,02/04/2021,True,1774
Hh2TU,02/04/2021,True,1631
ldJnM,02/04/2021,False,1639
ypR8m,02/04/2021,False,1861
0efkg,02/04/2021,False,1571
36O0N,02/04/2021,True,1594
cfOFN,02/04/2021,True,1605
RCerc,01/04/2021,False,1827
xjjoa,01/04/2021,False,1551
HqIF1,01/04/2021,True,1562
MchIZ,01/04/2021,False,1933
xkUfz,01/04/2021,False,1764
pGtKF,01/04/2021,True,1531
W8efM,01/04/2021,True,1517
zl4rA,01/04/2021,False,1677
l6SaV,01/04/2021,True,1281
czeKM,01/04/2021,False,1531
sZ1Bn,01/04/2021,False,1707
Xk7oV,01/04/2021,False,1672
egewD,01/04/2021,False,1648
QC2MQ,01/04/2021,True,1764
moClv,01/04/2021,True,1578
9OdRF,01/04/2021,False,1698
UMbMA,01/04/2021,False,1628
0RsMS,01/04/2021,True,1606
QBCeO,01/04/2021,True,1545
GEX08,31/03/2021,True,1594
izSu7,31/03/2021,True,1567
JXfq9,31/03/2021,True,1666
mwejI,31/03/2021,True,1776
zzuca,31/03/2021,True,1661
wt56i,31/03/2021,False,1652
GQao2,31/03/2021,True,1799
rNG61,31/03/2021,True,1462
hfugO,31/03/2021,False,1604
Hr1Xf,31/03/2021,True,1642
jNs3g,31/03/2021,True,1674
gQzUG,31/03/2021,True,1493
HZwJj,31/03/2021,False,1548
SUeI6,31/03/2021,False,1711
BAEip,31/03/2021,True,1552
9kOzh,31/03/2021,True,1570
crC8Y,31/03/2021,False,1517
TmGNP,31/03/2021,False,1801
DI0Nd,31/03/2021,True,1436
gFTrZ,31/03/2021,False,1609
G2Tfl,31/03/2021,True,1550
He3W0,31/03/2021,True,1549
s74Pz,31/03/2021,False,1370
kKjiF,31/03/2021,False,1705
rhXTF,31/03/2021,True,1532
Ti99O,31/03/2021,False,1626
tVrVd,31/03/2021,False,1671
QMO9g,31/03/2021,True,1714
osV7h,31/03/2021,True,1434
qIGlx,31/03/2021,False,1609
Yf2XX,31/03/2021,True,1394
3K0xk,30/03/2021,True,1544
aVeR2,30/03/2021,False,1605
LegXj,30/03/2021,False,1527
zwBbU,30/03/2021,False,1572
lbh6n,30/03/2021,False,1563
7k8Ei,30/03/2021,True,1744
uP64y,30/03/2021,False,1648
FNROt,30/03/2021,False,2125
uozFF,30/03/2021,False,1672
9gXZo,30/03/2021,False,1685
3Udla,30/03/2021,False,1798
m3Pxt,30/03/2021,False,1648
IIIEo,30/03/2021,True,1744
lqSqa,30/03/2021,True,1639
sdjje,30/03/2021,True,1624
GObEa,30/03/2021,True,1703
N2REE,30/03/2021,True,1816
SF91r,30/03/2021,True,1916
4iYiG,30/03/2021,False,1774
SJU5N,30/03/2021,True,1770
gv1de,30/03/2021,False,1450
uxBgp,30/03/2021,False,1554
J0pic,30/03/2021,True,1478
U76Aw,30/03/2021,True,1771
KOHQG,30/03/2021,True,1576
yJzmm,30/03/2021,True,1563
AEo8u,30/03/2021,True,1574
Yqx9E,30/03/2021,True,1617
4FsTO,30/03/2021,False,1574
rZ9ON,29/03/2021,False,1561
ZdTt9,29/03/2021,False,1646
AwHJ6,29/03/2021,True,1563
cSLaH,29/03/2021,True,1482
6m5s4,29/03/2021,True,1704
0DMye,29/03/2021,True,1429
nja4T,29/03/2021,True,1548
bkjWG,29/03/2021,True,1549
vL4zd,29/03/2021,True,1567
yZNMT,29/03/2021,True,1617
Fg8kW,29/03/2021,False,1449
ImpIH,29/03/2021,True,1517
ncTfY,29/03/2021,True,1570
bRu6i,29/03/2021,True,1484
sDqOk,29/03/2021,True,1763
SkqSX,29/03/2021,True,1502
fX5kP,29/03/2021,False,1525
BOHPG,29/03/2021,True,1426
k7YyH,29/03/2021,True,1691
u5dII,29/03/2021,True,1653
YNWSq,29/03/2021,True,1504
GtLqF,29/03/2021,False,1789
DqVHT,29/03/2021,True,1563
mhPXX,29/03/2021,True,1569
cLD9l,29/03/2021,True,1519
GEn8j,29/03/2021,False,1729
RzQ43,29/03/2021,True,1765
PXiA7,29/03/2021,True,1492
YjWvE,29/03/2021,False,1520
G6nHE,29/03/2021,True,1511
INN07,29/03/2021,True,1631
lCKjg,29/03/2021,False,1556
JrCLK,29/03/2021,False,1522
1WY12,29/03/2021,False,1536
ceZae,29/03/2021,True,1492
OwD7b,29/03/2021,True,1616
WV8IK,29/03/2021,False,1534
uVaWu,29/03/2021,False,1626
e4cvE,28/03/2021,False,1562
PuzhL,28/03/2021,False,1475
60PrA,28/03/2021,True,1723
LPBQv,28/03/2021,False,1731
ZQ42v,28/03/2021,True,1574
0byNG,28/03/2021,True,1515
FIspp,28/03/2021,True,1479
XMrk7,28/03/2021,False,1543
v6QvH,28/03/2021,True,1504
OhXmq,28/03/2021,True,1201
hwQHT,28/03/2021,True,1680
DmAXL,28/03/2021,False,1379
CNoPT,28/03/2021,False,1660
4mh2n,28/03/2021,True,1627
MGqXb,28/03/2021,True,1623
1IuKX,28/03/2021,False,1495
YYB2M,28/03/2021,True,1332
eFRMn,28/03/2021,True,1393
R91NX,28/03/2021,False,1557
zLvKy,28/03/2021,True,1325
HWDvX,28/03/2021,False,1626
2DP7y,28/03/2021,False,1489
TjyuL,28/03/2021,True,1462
zcKqf,28/03/2021,False,1365
1NlV4,28/03/2021,False,1574
ac2Qw,28/03/2021,True,1557
QhaNI,28/03/2021,True,1663
5SqVA,28/03/2021,True,1484
N4dKI,28/03/2021,False,1468
AsUOf,28/03/2021,False,1476
BPOsV,28/03/2021,True,1468
1Fn2x,28/03/2021,False,1534
Iod3E,28/03/2021,False,1455
ifNb3,28/03/2021,True,1456
YByqn,28/03/2021,False,1570
D7PVb,28/03/2021,True,1670
Dp8rV,27/03/2021,True,1442
KYfDO,27/03/2021,True,1362
UZhBy,27/03/2021,False,1636
GnH31,27/03/2021,True,1413
CIz60,27/03/2021,False,1404
InZ9q,27/03/2021,True,1533
3QcLQ,27/03/2021,True,1497
P5gRK,27/03/2021,True,1460
xXfD9,27/03/2021,False,1365
7WdYD,27/03/2021,True,1463
gbonf,27/03/2021,True,1467
N7Cqx,27/03/2021,False,1451
XrRu2,27/03/2021,True,1563
NdxAw,27/03/2021,True,1374
I9cGb,27/03/2021,False,1575
6z4Mh,27/03/2021,True,1492
Gla2I,27/03/2021,True,1544
Pa3lX,25/03/2021,True,1589
QWti7,25/03/2021,True,1585
sr9d4,25/03/2021,True,1518
Q8LhU,25/03/2021,True,1389
3oCLr,25/03/2021,True,1349
1AR1Q,25/03/2021,True,1482
RRuvg,25/03/2021,True,1533
Ue9nA,25/03/2021,True,1371
qTaTC,25/03/2021,True,1487
rDIDK,25/03/2021,True,1381
JRL2Z,25/03/2021,False,1583
SS49v,25/03/2021,True,1477
FY6s4,25/03/2021,True,1518
1FAgX,25/03/2021,True,1435
zUUfr,25/03/2021,False,1415
NUmEp,25/03/2021,True,1610
DnFbS,25/03/2021,True,1564
eYw4V,25/03/2021,False,1596
EhOqa,25/03/2021,False,1434
57VSd,25/03/2021,False,1414
wFV7f,25/03/2021,True,1403
Rjz1o,25/03/2021,False,1459
dqRpy,25/03/2021,False,1551
Bbo9l,25/03/2021,True,1502
p81ia,25/03/2021,False,1449
18gGo,25/03/2021,False,1521
2jRaC,25/03/2021,True,1387
kjPWQ,25/03/2021,False,1587
NeVvH,25/03/2021,True,1572
92uLp,24/03/2021,False,1403
2Tymh,24/03/2021,True,1564
6RBdG,24/03/2021,True,1399
tTOep,24/03/2021,True,1542
0oe2R,24/03/2021,False,1543
epYHw,24/03/2021,True,1279
jQbpe,24/03/2021,True,1465
iQZhf,24/03/2021,False,1435
BQp0a,24/03/2021,True,1500
g7y6k,24/03/2021,True,1611
brl8A,24/03/2021,True,1325
6XFok,24/03/2021,True,1365
gP7f3,24/03/2021,False,1574
nVN72,24/03/2021,False,1538
EG10w,24/03/2021,False,1419
PUKqj,24/03/2021,False,1434
GXx8b,24/03/2021,True,1340
WfRiJ,24/03/2021,False,1490
xhMiZ,24/03/2021,False,1454
xWCqi,24/03/2021,True,1597
1bXYx,23/03/2021,False,1556
Uog4d,23/03/2021,False,1431
WNShF,23/03/2021,False,1583
YvP5d,23/03/2021,True,1398
xUvdh,23/03/2021,False,1460
SaUHc,23/03/2021,True,1401
I4U6R,23/03/2021,False,1493
OZNds,23/03/2021,True,1513
vv1Ug,22/03/2021,True,1663
ka4XT,22/03/2021,False,1388
PzGwi,22/03/2021,False,1563
AvcBu,22/03/2021,False,1360
0IVnS,22/03/2021,False,1415
ADjNe,22/03/2021,False,1424
4F2a7,22/03/2021,True,1622
VUKX7,22/03/2021,True,1335
FaSzl,22/03/2021,True,1558
UwgFJ,22/03/2021,False,1419
7aRBi,22/03/2021,True,1410
1md6a,22/03/2021,False,1457
jaGS5,22/03/2021,False,1530
xetaT,22/03/2021,False,1453
suy3k,22/03/2021,True,1474
dUjVQ,22/03/2021,True,1369
skapv,22/03/2021,True,1436
b1Phg,22/03/2021,True,1528
gVfkk,22/03/2021,True,1333
Cfv3F,22/03/2021,False,1273
IoKUS,22/03/2021,True,1560
lUdVI,22/03/2021,False,1624
FSEAh,22/03/2021,False,1494
cVUKV,22/03/2021,False,1491
H4Xvc,22/03/2021,True,1299
YpouX,22/03/2021,True,1412
oxSE2,22/03/2021,True,1423
0HSGj,22/03/2021,True,1751
PQztC,22/03/2021,True,1355
LNh8h,22/03/2021,False,1495
sPiXX,22/03/2021,True,1372
i3qCZ,22/03/2021,True,1303
Xob0U,21/03/2021,True,1416
hu9Y0,20/03/2021,False,1351
VCP7o,20/03/2021,False,1484
Rm8vy,20/03/2021,True,1516
TUK4c,20/03/2021,False,1415
xzss0,20/03/2021,True,1554
qZ60d,20/03/2021,False,1386
1dORa,20/03/2021,False,1381
PFSMd,20/03/2021,False,1435
7ga5B,20/03/2021,True,1556
SQrfN,20/03/2021,False,1566
bfXg9,20/03/2021,True,1367
p9XfE,20/03/2021,True,1454
naCb1,20/03/2021,True,1262
RjAMU,20/03/2021,True,1327
jl8nX,20/03/2021,False,1485
L3e85,20/03/2021,True,1370
1Qq7C,20/03/2021,True,1260
29TNQ,20/03/2021,False,1520
mUCi5,20/03/2021,False,1620
HEGY2,20/03/2021,False,1573
aaR9n,19/03/2021,False,1400
PIueI,19/03/2021,False,1834
2jNHM,19/03/2021,False,1496
2TGT0,19/03/2021,True,1409
np6Fs,19/03/2021,True,1445
9Jf76,19/03/2021,False,1462
5dlR7,19/03/2021,True,1441
dkX4g,19/03/2021,False,1470
9BGdr,19/03/2021,False,1522
f8CD9,19/03/2021,False,1654
TABzM,19/03/2021,True,1493
cELRd,19/03/2021,False,1668
NBF4B,19/03/2021,False,1450
nW98M,19/03/2021,True,1550
Pfr0t,19/03/2021,True,1425
qv1a5,19/03/2021,True,1514
bZpoa,19/03/2021,False,1471
VbFOO,19/03/2021,False,1434
QvzR1,19/03/2021,False,1640
BY0iA,19/03/2021,False,1399
14sHh,19/03/2021,True,1458
hMK1p,19/03/2021,True,1583
5hQoR,19/03/2021,True,1637
HfgRe,19/03/2021,False,1472
As7rm,19/03/2021,True,1491
pTaPu,19/03/2021,False,1572
jVXPQ,19/03/2021,False,1497
ojBZh,19/03/2021,False,1699
IOr57,19/03/2021,False,1590
Y3I7t,19/03/2021,False,1375
ZN9qf,19/03/2021,True,1629
xWZKy,19/03/2021,True,1630
T7I5e,19/03/2021,True,1524
tm6io,19/03/2021,True,1516
PTmyI,19/03/2021,False,1520
GuOOM,19/03/2021,False,1486
2pjnr,19/03/2021,True,1550
11bjw,19/03/2021,True,1603
wek9K,19/03/2021,False,1583
75EGh,19/03/2021,False,2239
fFJO7,19/03/2021,False,1445
VG4Gi,19/03/2021,True,1183
5NHaU,19/03/2021,False,1436
fiA1j,19/03/2021,False,1394
WYgN8,19/03/2021,True,1486
z7TNT,19/03/2021,False,1429
v3mX1,19/03/2021,True,1500
A2qxB,19/03/2021,True,1255
j68Jy,19/03/2021,False,1481
BsHbX,19/03/2021,True,1340
u73Sf,19/03/2021,True,1256
WKAV7,19/03/2021,True,1337
39Oiy,19/03/2021,True,1404
qnbLI,19/03/2021,False,1435
YaGjD,19/03/2021,True,1469
RGel6,19/03/2021,True,1326
QSbUe,19/03/2021,False,1337
7f5oa,19/03/2021,False,1496
n6FC1,19/03/2021,False,1527
tggDY,19/03/2021,False,1497
LqXZ9,19/03/2021,True,1507
T5SgY,19/03/2021,True,1487
osK6t,19/03/2021,False,1570
CbQyZ,19/03/2021,True,1546
HOCdw,19/03/2021,False,1504
Yyzkh,17/03/2021,True,1536
HRPzc,17/03/2021,False,1538
13fbL,17/03/2021,True,1494
aQsru,17/03/2021,True,1527
iE60D,17/03/2021,True,1564
g3kgl,17/03/2021,False,1492
DMGnP,17/03/2021,True,1446
7hd6k,17/03/2021,True,1405
qvhWW,17/03/2021,True,1453
9DpWx,17/03/2021,True,1437
Guf6R,17/03/2021,True,1504
m8aNC,16/03/2021,True,1500
0lYNb,16/03/2021,True,1318
0fITN,16/03/2021,False,1452
Kb4X4,16/03/2021,False,1573
r5lWz,16/03/2021,False,1358
2iRtD,16/03/2021,True,1583
Sq32a,16/03/2021,False,1658
mYfOV,16/03/2021,False,1375
uYSY9,16/03/2021,False,1548
vIuH1,16/03/2021,False,1597
SoSqY,16/03/2021,False,1644
vWiFs,16/03/2021,False,1495
iD9Vq,16/03/2021,True,1516
F0CgN,16/03/2021,True,1511
ZaVDR,16/03/2021,False,1559
oBEIR,16/03/2021,False,1574
LHcRj,16/03/2021,True,1531
LiW0W,16/03/2021,True,1520
Tonma,16/03/2021,False,1432
249zQ,16/03/2021,False,1467
wreiK,16/03/2021,True,1508
ondpv,16/03/2021,True,1446
W4aX1,16/03/2021,True,1454
GXo24,15/03/2021,True,1564
djm24,15/03/2021,False,1559
z8fZG,15/03/2021,False,1554
msftv,15/03/2021,True,1666
Igjv8,15/03/2021,False,1389
NgzYt,15/03/2021,False,1411
1yn40,15/03/2021,True,1555
YraBy,15/03/2021,False,1624
L9Vft,15/03/2021,False,1532
xsLEK,15/03/2021,True,1577
9MuUV,15/03/2021,True,1408
jnx3H,15/03/2021,True,1485
A5G3f,15/03/2021,False,1555
cviJg,15/03/2021,True,1307
kKFzg,15/03/2021,True,1456
MoS1X,15/03/2021,True,1497
3virM,15/03/2021,True,1517
iHCR8,15/03/2021,True,1449
hsizT,15/03/2021,True,1452
xRBRT,15/03/2021,True,1593
axWxt,15/03/2021,False,1531
DezKu,15/03/2021,False,1490
UVj8U,15/03/2021,True,1452
17XEE,15/03/2021,True,1563
ssLhI,15/03/2021,False,1444
EInQ2,15/03/2021,False,1494
gtpzI,15/03/2021,False,1371
JYOTp,15/03/2021,False,1392
1JnsY,15/03/2021,False,1590
cQNds,15/03/2021,False,1733
Iqpvs,15/03/2021,False,1384
Ad5YN,15/03/2021,False,1400
2QQvG,15/03/2021,True,1501
ZiZzX,15/03/2021,False,1353
90mIS,15/03/2021,False,1428
529nc,15/03/2021,False,1533
Df7sl,15/03/2021,True,1516
LIZeI,15/03/2021,True,1492
ihek9,15/03/2021,False,1429
GJjIg,15/03/2021,True,1428
1VMlP,15/03/2021,False,1347
1THWF,15/03/2021,False,1376
ExwGg,15/03/2021,True,1380
h3mHX,15/03/2021,True,1539
wsJCE,15/03/2021,True,1321
DclxU,15/03/2021,False,1445
FNEJj,15/03/2021,True,1614
EdSX5,15/03/2021,False,1414
ZyldY,15/03/2021,False,1587
qxPAf,14/03/2021,False,1618
kILnE,14/03/2021,True,1478
OhSEq,14/03/2021,False,1389
jqD7G,14/03/2021,True,1572
X4JcY,14/03/2021,False,1551
okWVO,14/03/2021,True,1333
2QXIC,14/03/2021,True,1672
MN7Qh,14/03/2021,True,1400
Axbm9,14/03/2021,True,1480
WKsqG,14/03/2021,True,1353
l6WWO,14/03/2021,True,1458
8RyvJ,14/03/2021,False,1566
NjfHj,14/03/2021,True,1427
oMLDR,14/03/2021,True,1495
YUJ08,14/03/2021,False,1510
MN6W6,14/03/2021,True,1457
djomN,14/03/2021,True,1486
ZDEkd,14/03/2021,False,1324
iW7Q3,14/03/2021,True,1318
9S2Eu,14/03/2021,True,1400
ngKGn,14/03/2021,True,1454
Frh6E,14/03/2021,True,1420
htR95,14/03/2021,True,1367
UGrWi,14/03/2021,True,1178
EBSQr,14/03/2021,True,1225
wNdID,14/03/2021,True,1420
TWqxe,14/03/2021,False,1445
3mtFa,14/03/2021,True,1466
EbjfI,14/03/2021,False,1262
LScDP,14/03/2021,True,1383
yOXZB,14/03/2021,True,1450
jxoTP,14/03/2021,True,1330
C2VYS,13/03/2021,False,1404
3RTCd,13/03/2021,False,1535
1kPOx,13/03/2021,True,1344
QkwEq,13/03/2021,False,1430
OdtxX,13/03/2021,True,1337
B46WS,13/03/2021,True,1471
uqVOJ,13/03/2021,True,1615
WHZzC,13/03/2021,False,1481
gcCLu,12/03/2021,True,1431
ACyDL,12/03/2021,True,1401
OJuSS,12/03/2021,True,1307
qV1CU,12/03/2021,True,1500
6xK6V,12/03/2021,True,1302
Y0TFP,12/03/2021,True,1368
6EuzQ,12/03/2021,False,1633
mkuwr,12/03/2021,False,1787
Rn0cX,12/03/2021,True,1622
Eiqaj,12/03/2021,True,1304
iYOva,12/03/2021,True,1412
tIznX,12/03/2021,True,1642
80EWC,12/03/2021,True,1408
q9Usr,12/03/2021,False,1459
nP5Dc,12/03/2021,False,1507
NZnPJ,12/03/2021,True,1611
3BBAD,12/03/2021,True,1256
OCjEW,12/03/2021,False,1592
p64zF,12/03/2021,False,1465
jdgob,12/03/2021,False,1336
zkqsJ,12/03/2021,True,1596
FT1R1,12/03/2021,False,1334
h4PjD,11/03/2021,False,1420
PKUSX,11/03/2021,False,1326
Ex6SG,11/03/2021,False,1414
ctzaU,11/03/2021,False,1415
BzFkM,11/03/2021,False,1596
hfYFd,11/03/2021,False,1327
4CwwT,11/03/2021,True,1341
xsuCO,11/03/2021,False,1617
MwuCI,11/03/2021,True,1337
MlBfV,11/03/2021,False,1503
gsKxk,11/03/2021,False,1331
dB302,11/03/2021,False,1358
vDczr,11/03/2021,False,1215
9xrUn,11/03/2021,False,1231
YV5tb,11/03/2021,True,1482
m0cOa,11/03/2021,False,1249
IM46L,11/03/2021,False,1312
s7JT3,11/03/2021,True,1338
IjCRV,11/03/2021,True,1379
UyGKE,11/03/2021,True,1248
wFjVM,11/03/2021,False,1503
hOQEP,11/03/2021,True,1434
FE9H7,11/03/2021,True,1377
zf1La,11/03/2021,True,1321
qPhvq,11/03/2021,True,1328
bn131,10/03/2021,False,1455
lyJUU,10/03/2021,False,1439
Qbl7m,10/03/2021,True,1525
Jjjko,10/03/2021,False,1511
vLCKf,10/03/2021,False,1720
kGTof,10/03/2021,False,1573
5rLcJ,10/03/2021,True,1488
Y3dIA,10/03/2021,False,1550
yBy2W,10/03/2021,True,1557
ICx5o,10/03/2021,False,1501
nuq1G,10/03/2021,True,1372
Q4l8a,10/03/2021,False,1311
x3esS,10/03/2021,False,1422
8z54R,10/03/2021,True,1536
5HbdK,10/03/2021,True,1408
RYTQX,10/03/2021,False,1356
T4ePc,10/03/2021,False,1529
i8WRT,07/03/2021,False,1615
7LeI7,07/03/2021,True,1396
axBNb,07/03/2021,False,1560
74Yj7,07/03/2021,False,1470
1rab1,07/03/2021,False,1480
ehNIZ,07/03/2021,False,1441
8mMkw,05/03/2021,True,1367
DmZEP,05/03/2021,True,1379
FI7KP,05/03/2021,False,1409
uR5l9,05/03/2021,False,1695
UeDZQ,05/03/2021,False,1683
sykNo,05/03/2021,False,1344
m23qX,05/03/2021,True,1451
jWwxQ,01/03/2021,True,1619
eZcao,01/03/2021,True,1475
rwnos,01/03/2021,False,1553
GThpZ,01/03/2021,False,1520
7D2HI,01/03/2021,True,1616
BtjMX,01/03/2021,True,1488
T93qg,01/03/2021,False,1499
qYOWL,28/02/2021,False,1413
eIA0S,28/02/2021,True,1685
I8dPi,28/02/2021,False,1486
6rnmy,25/02/2021,True,1516
NYIOB,25/02/2021,False,1683
5RcZP,24/02/2021,False,1529
76m71,24/02/2021,False,1493
SQrZD,24/02/2021,True,1510
yXvcu,24/02/2021,False,1738
zT2KF,24/02/2021,False,1574
o2Ny8,24/02/2021,True,1387
0A9zT,24/02/2021,True,1559
gQ9GK,24/02/2021,True,1597
3ml4L,24/02/2021,False,1686
QIWbI,24/02/2021,True,1481
Q59EO,24/02/2021,True,1521
5eJCG,24/02/2021,False,1552
vbaRY,24/02/2021,False,1441
OruPb,24/02/2021,False,1605
7ByGd,24/02/2021,True,1637
fYZcS,24/02/2021,False,1465
0ODpZ,24/02/2021,True,1433
2ir3q,24/02/2021,True,1506
TGIjv,24/02/2021,False,1607
YFznb,24/02/2021,True,1492
JeZvL,24/02/2021,True,1461
D4oSo,24/02/2021,True,1418
Dxw1r,24/02/2021,True,1454
MV6nZ,24/02/2021,True,1358
P7j8s,24/02/2021,False,1530
fQ2m8,24/02/2021,True,1476
UkN0A,24/02/2021,True,1374
plbX2,24/02/2021,False,1502
HKsIo,24/02/2021,False,1502
qIZuk,19/02/2021,False,1608
7nzbm,07/02/2021,False,1530
Sn3iy,07/02/2021,True,1443
Y04yG,06/02/2021,False,1454
AqfFP,06/02/2021,True,1431
7cLVr,05/02/2021,False,1262
4KLU9,05/02/2021,False,1557
zNsbq,05/02/2021,True,1637
tG86b,05/02/2021,True,1503
MsRXB,05/02/2021,False,1321
fuRak,05/02/2021,True,1391
sUFcR,05/02/2021,True,1486
NtFPE,05/02/2021,True,1439
slSaG,05/02/2021,False,1516
sXhoi,24/01/2021,True,1329
qmX1Z,24/01/2021,True,1139
LYGKj,24/01/2021,True,1312
s3bUJ,24/01/2021,True,1532
ceKcz,24/01/2021,False,2043
QvJ3O,24/01/2021,False,1478
pI64t,24/01/2021,False,1526
IByGx,23/01/2021,True,1503
2f9m8,23/01/2021,False,1422
MoKsy,23/01/2021,False,1303
Jl7Ms,23/01/2021,True,1548
Ebd3z,23/01/2021,False,1446
W3Kaf,23/01/2021,True,1462
tdFwv,22/01/2021,False,1454
6b07k,22/01/2021,True,1301
xU1HT,22/01/2021,True,1552
HOSEj,22/01/2021,False,1353
YTcg3,22/01/2021,False,1397
kuJpD,22/01/2021,True,1204
juydB,22/01/2021,False,1476
244Vq,22/01/2021,False,1582
szk1i,22/01/2021,False,1392
gPvzT,22/01/2021,True,1478
aTPRR,22/01/2021,False,1672
7ONmq,22/01/2021,False,1479
QKcvi,22/01/2021,True,1432
RwsLX,22/01/2021,True,1433
Qw2mx,22/01/2021,False,1633
aQQxx,22/01/2021,True,1950
2MdCx,22/01/2021,True,1547
Y4XEW,22/01/2021,True,1489
17Lpp,22/01/2021,False,1599
KzuGn,22/01/2021,True,1491
6V68r,22/01/2021,True,1356
n3Fgr,22/01/2021,False,1507
PVuCI,21/01/2021,False,1783
9gkHx,21/01/2021,True,1308
1tieA,21/01/2021,False,1540
z1WIF,21/01/2021,False,1593
1Vpru,21/01/2021,False,1485
0TaOr,21/01/2021,True,1489
6fxim,21/01/2021,True,1679
ITxZC,21/01/2021,True,1664
XAxBE,21/01/2021,True,1399
IfveT,21/01/2021,False,983
Wpa1V,21/01/2021,True,1559
nk7jY,21/01/2021,False,1664
gpgxc,21/01/2021,True,1578
PbIxN,21/01/2021,False,1647
rC4zw,21/01/2021,False,1783
tfAuu,21/01/2021,False,1354
dD5Ns,20/01/2021,False,1652
5BGxi,20/01/2021,False,1568
xnH9Z,20/01/2021,True,2084
tDl6N,20/01/2021,True,1486
SyUy6,20/01/2021,False,1311
LxVYO,20/01/2021,True,1107
ve0V5,20/01/2021,True,1196
NdFCE,20/01/2021,True,1241
DyW83,20/01/2021,True,1257
U4gN9,20/01/2021,False,1337
121Ey,20/01/2021,True,1312
JOSyn,20/01/2021,True,1361
k4mvw,20/01/2021,True,1249
mqAie,20/01/2021,True,1464
vY1gm,20/01/2021,True,1275
gZ3J1,20/01/2021,True,1428
oynBh,20/01/2021,False,1176
IQ3M8,20/01/2021,True,1100
a20pS,20/01/2021,True,1295
HdNWc,20/01/2021,True,1259
8VMk0,20/01/2021,True,1224
M2jDq,20/01/2021,True,1437
YVRRI,20/01/2021,True,1347
7yChC,20/01/2021,True,1176
P3R1l,20/01/2021,True,1261
qAlsB,20/01/2021,False,1472
vYyWJ,20/01/2021,True,1324
HJ3OG,20/01/2021,False,1312
0YPQY,20/01/2021,False,1271
XKXlQ,20/01/2021,True,1542
CVOxn,20/01/2021,True,1381
zptof,20/01/2021,True,1270
8VtaO,20/01/2021,True,1413
gw2OR,20/01/2021,False,1468
zEVkT,20/01/2021,False,1279
eSna7,20/01/2021,True,1172
rhnDJ,20/01/2021,True,1077
hAvVt,20/01/2021,False,1294
LxdrV,20/01/2021,True,1296
R3KQ0,20/01/2021,False,1367
YVaNY,20/01/2021,True,1262
sLNoK,20/01/2021,True,1249
eXKCa,20/01/2021,False,1199
Y8zzg,19/01/2021,True,1254
omN22,19/01/2021,True,1304
6gkoX,19/01/2021,False,1889
mmu9e,19/01/2021,True,1119
IeApk,19/01/2021,False,1534
3PLE0,19/01/2021,True,1548
ZrgCo,19/01/2021,False,1578
WSlL2,19/01/2021,True,1281
7E8jK,19/01/2021,False,1341
fGof3,19/01/2021,True,1306
jkOUC,19/01/2021,True,1348
Wchbs,19/01/2021,True,1166
6GZ94,19/01/2021,True,1212
ftcMa,19/01/2021,False,1372
b5iaC,19/01/2021,True,1170
8snN2,19/01/2021,True,1216
VwWui,19/01/2021,False,1142
R5kRK,18/01/2021,True,1306
ZHYjg,18/01/2021,True,1138
m4hxr,18/01/2021,True,1361
zSLSx,18/01/2021,True,1519
Vqzvq,18/01/2021,False,1454
yQgNb,18/01/2021,False,1348
glwFp,18/01/2021,False,1220
Fya4Q,18/01/2021,False,1210
O7A4x,18/01/2021,False,1263
12Emy,18/01/2021,True,1273
dbLuh,18/01/2021,True,1154
PAGeD,18/01/2021,True,1255
PU2iO,18/01/2021,False,1324
2vYmm,18/01/2021,True,1277
9zVRH,18/01/2021,True,1239
N7OEN,18/01/2021,False,1475
CkpKI,18/01/2021,True,1250
TQX6h,18/01/2021,True,1555
uZr14,18/01/2021,False,1420
UXJ56,18/01/2021,False,1402
5b7VN,18/01/2021,True,1281
USgI7,18/01/2021,True,1379
sbXSe,18/01/2021,True,1266
0ArJV,18/01/2021,False,1899
pHSqh,18/01/2021,False,1287
docQD,18/01/2021,True,1506
IQvfh,18/01/2021,False,1514
t8wJy,18/01/2021,False,1451
P98xA,18/01/2021,False,1428
bHnB5,18/01/2021,False,1343
PoLkq,18/01/2021,False,1348
ug1GG,18/01/2021,False,1365
pRAga,18/01/2021,True,1233
OA3qA,17/01/2021,True,1312
rokVS,17/01/2021,True,1289
UdAHx,17/01/2021,False,1344
IJN3e,17/01/2021,True,1159
8YTUd,17/01/2021,False,1426
dLHaj,17/01/2021,True,1221
mNJd2,17/01/2021,True,1198
FuIVH,17/01/2021,True,1385
CO4sk,17/01/2021,False,1092
lQPH3,17/01/2021,True,1315
rR7TB,17/01/2021,True,1350
EajbS,17/01/2021,False,1332
f2E0Y,17/01/2021,False,1833
HreHq,17/01/2021,False,1223
MRcUl,17/01/2021,False,1112
GW26B,17/01/2021,False,1339
VuNgO,17/01/2021,True,1313
t5aVy,17/01/2021,True,1233
zlDED,17/01/2021,True,1361
T6Zpp,17/01/2021,True,1303
OV3da,17/01/2021,True,1311
TkOmp,17/01/2021,True,1475
j798O,17/01/2021,False,1492
fAdn4,17/01/2021,True,1414
9adX6,17/01/2021,False,1392
qY2t6,17/01/2021,True,1386
tqVOa,17/01/2021,False,1792
syoeL,16/01/2021,False,1511
VCpz7,16/01/2021,True,1301
GWWcv,16/01/2021,True,1222
S7Cqi,16/01/2021,False,1141
B2EJ0,16/01/2021,True,1174
cxdy1,16/01/2021,False,1167
H3ZZq,16/01/2021,True,1211
lghYH,16/01/2021,True,1083
OlT88,16/01/2021,True,1144
CS75O,16/01/2021,False,1157
dCkBp,16/01/2021,False,1174
lRgCE,16/01/2021,False,1091
vNwM5,16/01/2021,True,1175
7Labc,16/01/2021,True,1147
t5P7I,16/01/2021,True,884
q7q9p,16/01/2021,True,1146
zrlee,16/01/2021,True,1172
ofvZX,16/01/2021,False,1163
OXTla,16/01/2021,False,1216
Ejguh,16/01/2021,True,1337
G9VOw,16/01/2021,False,1437
UkjZX,16/01/2021,True,1194
FCfpp,16/01/2021,True,1030
3XtW3,16/01/2021,True,1209
CXClk,16/01/2021,True,1133
SwIm0,16/01/2021,False,1315
berfs,16/01/2021,True,1108
hzb3R,16/01/2021,True,1151
pD4DA,16/01/2021,False,1001
W0yyi,16/01/2021,True,1268
wjVnt,16/01/2021,True,1141
juL9s,16/01/2021,True,1263
FbbmX,16/01/2021,True,1205
TBwaJ,16/01/2021,True,1312
bJSaC,16/01/2021,True,1262
XMjlr,16/01/2021,False,1061
mIApM,16/01/2021,True,1075
VolB9,16/01/2021,True,988
KZH2c,16/01/2021,False,1289
P6gzf,16/01/2021,True,1154
G9FHk,16/01/2021,True,1134
gSxTi,16/01/2021,True,1407
uXGGh,16/01/2021,False,1061
7KDaF,16/01/2021,False,1236
Mwssh,16/01/2021,True,1068
yy3Y7,16/01/2021,True,1083
s1XJi,16/01/2021,True,1126
HmhXY,16/01/2021,True,1197
qbd7r,16/01/2021,False,1036
OsoL8,16/01/2021,True,1141
exQ75,16/01/2021,True,1136
KSJom,16/01/2021,True,1160
H6lMm,16/01/2021,True,1068
xhwxo,16/01/2021,False,1314
Hjdu9,16/01/2021,True,1083
iqVGX,16/01/2021,True,1397
azFCM,15/01/2021,False,1121
5cGMv,15/01/2021,True,1217
rbOQC,15/01/2021,False,1174
WRxe4,15/01/2021,True,1139
gGZPL,15/01/2021,True,849
Z5oPu,15/01/2021,True,1348
UrxhA,15/01/2021,True,1105
sPRdr,15/01/2021,True,1183
fRRha,15/01/2021,False,1206
R9QhJ,15/01/2021,True,1063
ag73O,15/01/2021,True,1068
DEkA5,15/01/2021,True,1385
8XaCb,15/01/2021,True,1344
sKMb9,15/01/2021,True,1168
fQXZN,15/01/2021,False,1200
Ga4Tb,11/01/2021,False,1082
mrUWZ,11/01/2021,True,1343
0AbJS,11/01/2021,True,1061
i4QIZ,11/01/2021,True,1286
qnUnB,11/01/2021,True,1160
jBFu7,11/01/2021,True,1245
zxGzN,11/01/2021,False,1154
RBGDN,11/01/2021,False,1263
whovC,11/01/2021,False,1113
GUIxF,11/01/2021,True,1230
swwbN,11/01/2021,True,1184
7fpk1,11/01/2021,False,1371
CDEyn,11/01/2021,True,1148
9liwe,11/01/2021,True,1263
0vKzS,11/01/2021,True,1708
ISKoX,11/01/2021,True,982
bLDl5,11/01/2021,False,1163
DrHbD,11/01/2021,True,1010
w1YG3,11/01/2021,True,1165
GzHmK,10/01/2021,False,1019
NOFK9,10/01/2021,True,1285
uLzro,10/01/2021,False,1201
jSPVb,10/01/2021,False,1133
3JzCM,10/01/2021,True,1154
ahCFI,10/01/2021,True,1159
lsKlk,10/01/2021,True,1134
wxZpe,10/01/2021,False,794
6Jil9,10/01/2021,True,1190
zehHP,10/01/2021,True,1138
bAXQQ,10/01/2021,True,1096
lc3lH,10/01/2021,False,1012
8GQoy,10/01/2021,True,941
pgTyr,10/01/2021,True,990
LFc4S,10/01/2021,True,1059
t0RaA,10/01/2021,True,1051
uWc1e,10/01/2021,False,1074
AfBdF,10/01/2021,False,1318
e6sM2,10/01/2021,False,1143
LUfut,10/01/2021,False,1338
ROFBY,10/01/2021,False,1239
HsGvK,10/01/2021,False,1164
YQy7n,10/01/2021,True,1204
Nrauz,10/01/2021,False,1340
s2AfU,10/01/2021,True,1236
P45Qb,10/01/2021,False,1262
kSwWq,10/01/2021,False,1406
Yq5qO,10/01/2021,False,1360
midv8,10/01/2021,False,1503
eUS6h,10/01/2021,True,1537
ksZY5,10/01/2021,True,1152
W7o40,10/01/2021,False,1316
GDiEC,10/01/2021,False,1252
MLS1U,10/01/2021,False,1177
Y7qbt,10/01/2021,False,1276
rXECE,10/01/2021,True,1198
0575T,10/01/2021,False,1261
ApgyS,10/01/2021,False,1227
CMMBX,10/01/2021,False,1294
ncOPD,10/01/2021,True,1047
ubFg5,10/01/2021,False,1426
BFTDl,09/01/2021,False,1083
QpPM7,09/01/2021,True,916
ldRkK,09/01/2021,False,1170
5AsZj,09/01/2021,False,1116
8f4hm,09/01/2021,False,1403
XU6Vr,09/01/2021,True,1304
iOaB8,09/01/2021,True,1348
uccdu,09/01/2021,True,1062
PfFsm,09/01/2021,True,1437
JOiyI,09/01/2021,True,1264
3suOV,09/01/2021,True,1268
uyROg,09/01/2021,True,1253
9Kb64,09/01/2021,True,1568
TxZEW,09/01/2021,True,1161
4daNY,09/01/2021,True,1282
U9RiI,09/01/2021,True,914
11pPi,08/01/2021,False,1400
xa0QG,08/01/2021,False,1577
QYHZZ,08/01/2021,False,730
ZvlCZ,08/01/2021,False,1299
9AL1q,08/01/2021,False,1306
JU9bA,08/01/2021,False,1613
Fj1mL,08/01/2021,False,1324
4IHnJ,08/01/2021,False,1485
Sm2RW,08/01/2021,False,1383
BDu8y,08/01/2021,True,1341
bmYKY,08/01/2021,False,1328
F7hIH,08/01/2021,False,1379
9Pg40,08/01/2021,False,1313
ihulT,08/01/2021,False,1150
B4OvO,06/01/2021,False,1412
GHBL0,06/01/2021,False,1207
1cQhH,06/01/2021,False,1448
lIGGH,06/01/2021,True,1328
rLqKn,06/01/2021,True,1202
G3fYq,06/01/2021,True,1186
pW4sS,06/01/2021,True,1550
bsw3u,06/01/2021,True,1318
vD1Cf,06/01/2021,True,1447
Rrogq,06/01/2021,True,1146
hTcwd,06/01/2021,False,1396
J4Aj4,06/01/2021,True,1206
10Vak,06/01/2021,False,1399
09Uwe,06/01/2021,True,1347
5CMJO,31/12/2020,True,1462
J97Sp,31/12/2020,True,1528
